person_name,user_name,email,personal_number,birth_date,address,phone,mac_address,ip_address,iban,accessed_at,session_duration,download_speed,upload_speed,consumed_traffic,unique_id
Elena Loya,elenaloya,elenaloya@yahoo.com,84970962746,2010-02-23,"Diagonal Norte Griego 973 Edif. 090 , Depto. 607, San Alberto los altos, GTO 73496-9785",553.843.9762,88:a5:e7:51:f6:89,154.28.34.29,GB91TMFS1032716452256,2025-07-07 05:26:32,32080,485,604,1654054,cbe308c0-fdf9-43e7-a26b-08037b0893cd
Julia Arcelia Carmona Holguín,juliaarceliacarmonaholguín,juliaarceliacarmonaholguín@hotmail.com,26686899092,1963-04-23,"Ampliación Robles 435 074, San Liliana de la Montaña, CHIS 05712",(290)927-1246x767,ed:34:f1:e3:3d:ad,78.33.237.243,GB91IRWT8456272521833,2025-07-07 05:26:32,20561,955,415,932179,5717016f-fa59-4e53-8af4-831bb96fbabc
Daniel Garay Rangel,danielgarayrangel,danielgarayrangel@gmail.com,70317341926,1912-12-01,"Avenida Norte Ulibarri 385 533, Nueva Tuvalu, CHIH 17591",03736414754,93:07:ed:f0:51:80,11.137.166.103,GB85QVMR6632862003388,2025-07-07 05:26:32,29520,847,356,1865768,d5c270a3-d71f-4b7e-98ae-d6d339d40e1c
Sr(a). Teodoro Navarrete,sr(a).teodoronavarrete,sr(a).teodoronavarrete@gmail.com,51951273534,1969-05-01,"Andador Casárez 755 Interior 297, Vieja Bosnia y Herzegovina, CHIH 01067-9134",083-185-9635,94:62:c7:a0:66:74,100.154.82.112,GB41FEHI6118415328731,2025-07-07 05:26:32,22067,904,220,1721727,1e13d97b-3ba4-4238-b3c9-10b31f6c6cec
Cristobal Dalia Collado,cristobaldaliacollado,cristobaldaliacollado@gmail.com,57459863783,1966-12-29,"Retorno Chihuahua 494 555, San Adriana los altos, CHIS 90380-8993",192-539-7737,29:eb:b0:e1:64:bd,24.235.206.42,GB26EVTW2791782918353,2025-07-07 05:26:32,17543,710,209,1282272,724d877b-4d27-4de4-8db4-b5153492851c
David Gálvez Cazares,davidgálvezcazares,davidgálvezcazares@hotmail.com,31427284166,1981-10-22,"Viaducto Sur Balderas 276 Edif. 635 , Depto. 998, San Norma los bajos, PUE 08706-3338",545-299-2389x74232,0f:e2:79:ad:fd:f7,218.180.80.248,GB55FJDU1997718949781,2025-07-07 05:26:32,33389,606,193,322160,f9588a74-de51-4345-8bda-948af020a4ba
Bianca Alejandro Briones,biancaalejandrobriones,biancaalejandrobriones@gmail.com,99992913436,1909-10-24,"Continuación Caraballo 365 Edif. 688 , Depto. 637, Vieja República Democrática Popular Lao, BC 30174-5566",276-620-9055,a1:7d:5b:d5:94:4f,96.161.6.125,GB30ERZR7744196251267,2025-07-07 05:26:32,31773,46,228,1803827,fba56af2-bd47-4043-8572-6df2eef89686
Ing. Lucas Robledo,ing.lucasrobledo,ing.lucasrobledo@yahoo.com,55466710633,1964-02-04,"Eje vial Norte Delgadillo 487 187, Nueva Emiratos Árabes Unidos, MEX 47652",619.364.3774x22974,c9:2e:68:81:ab:e6,159.217.123.66,GB12LRGL6773028846068,2025-07-07 05:26:32,793,992,748,229047,f3929c2b-750a-4ad2-8a88-75320f3f342b
Guadalupe Barrios,guadalupebarrios,guadalupebarrios@yahoo.com,58626735219,2015-02-09,"Calle Norte Peralta 593 Interior 770, San Guillermo de la Montaña, HGO 54088",142.941.7452x3338,da:fa:62:e9:4f:64,207.11.74.143,GB89FUND7870312942487,2025-07-07 05:26:32,9741,812,520,265462,46346e20-3b64-4396-bee3-19d0559263ea
Dulce Gaytán Valencia,dulcegaytánvalencia,dulcegaytánvalencia@hotmail.com,87728285096,2013-02-26,"Peatonal Cabrera 178 766, Vieja Egipto, NL 68121-2302",314.546.1930,a3:b8:78:79:98:1b,67.16.188.133,GB45WRVH5643664276063,2025-07-07 05:26:32,25250,463,109,1938145,58223944-c648-4f1c-b71f-c81f2b4d87ce
Esmeralda Maximiliano Hernandes,esmeraldamaximilianohernandes,esmeraldamaximilianohernandes@gmail.com,58559296759,1979-07-10,"Ampliación Santo Tomé y Príncipe 752 Interior 220, San Martha de la Montaña, PUE 47818-3362",588.584.2893,f1:22:75:cb:ad:72,135.47.214.201,GB92TRAG7475236635515,2025-07-07 05:26:32,18189,448,701,167401,eb108fb4-da0d-44fb-b6ed-ad89afa74265
Lic. Alejandro Echeverría,lic.alejandroecheverría,lic.alejandroecheverría@gmail.com,40475120131,1986-01-20,"Calle Sur Durán 533 025, San Mercedes de la Montaña, SIN 82557",475-892-3466x55899,89:b0:79:94:4b:63,166.4.116.142,GB65SBBA7808079730856,2025-07-07 05:26:32,23714,405,92,1311666,5dd09f25-ab0f-4d64-aac4-3d1b2d9b75fe
Armando Quesada Linares,armandoquesadalinares,armandoquesadalinares@yahoo.com,28625239828,1983-04-10,"Circunvalación Zarate 245 714, Vieja Côte d'Ivoire, ZAC 45213",332-826-4610x140,91:fe:e6:52:4d:ba,94.113.225.146,GB34KYFT5907230203142,2025-07-07 05:26:32,29167,505,241,423721,453622ac-8ee8-4aa3-b135-2c8fb90d1044
Beatriz Carla Elizondo Maldonado,beatrizcarlaelizondomaldonado,beatrizcarlaelizondomaldonado@gmail.com,94462703995,1925-09-16,"Diagonal Tamez 897 954, San Eduardo los altos, MOR 79850-8672",911-859-0338,2f:b3:ab:b7:f2:2b,14.95.250.131,GB04WQDY2200077828666,2025-07-07 05:26:32,11965,8,648,766352,c95d3c5f-fd3d-4915-959a-9d95bedde793
Alonso Emiliano Noriega Hurtado,alonsoemilianonoriegahurtado,alonsoemilianonoriegahurtado@yahoo.com,90892858193,1941-04-06,"Prolongación Côte d'Ivoire 750 066, San Felipe los altos, TAMPS 44317-3601",+05(3)6826889638,96:f6:5d:51:da:58,135.250.165.76,GB37WDOW8848682649948,2025-07-07 05:26:32,5783,704,338,641271,159103c6-5c59-42e8-8946-27b13e50ca6f
Camila Rocha,camilarocha,camilarocha@yahoo.com,80541395465,2009-07-31,"Corredor Tabasco 442 Edif. 338 , Depto. 962, San Silvia de la Montaña, MOR 36437-1724",040-457-9722x867,05:57:6a:fa:40:d2,55.29.95.66,GB71UFNT5520928974241,2025-07-07 05:26:32,33492,522,60,4562,3a6ad5cf-a0b9-43ff-bbf6-126a09b12549
Alfredo Caldera Barrientos,alfredocalderabarrientos,alfredocalderabarrientos@gmail.com,87746170452,2021-11-12,"Pasaje Marín 396 137, Nueva Zimbabwe, OAX 75895",(675)488-4549,15:b8:4b:06:cf:fb,38.247.232.24,GB46IPRM0699425601557,2025-07-07 05:26:32,27075,571,202,1233956,d69b92d9-d1ab-42a5-b4c6-87ceb5d555d9
Catalina Zeferino Ruiz Pacheco,catalinazeferinoruizpacheco,catalinazeferinoruizpacheco@hotmail.com,01612224137,1910-05-14,"Boulevard Sanabria 521 Edif. 126 , Depto. 281, Nueva Togo, MOR 24102-5138",(316)432-3336x304,36:38:d6:2e:26:5a,84.80.185.110,GB62XNJY0791691766433,2025-07-07 05:26:32,5676,266,111,879970,b3b3cadf-972f-4369-93e7-2ed47dfd8c37
Elena Garibay Corona,elenagaribaycorona,elenagaribaycorona@gmail.com,24791572837,1929-03-06,"Avenida Aguascalientes 699 518, Nueva Croacia, GTO 34390",(356)675-7914x50602,97:63:d0:2f:de:a6,10.150.196.160,GB48CJDI0467669077228,2025-07-07 05:26:32,2057,949,700,1808652,216a4293-5501-4aba-a590-10c0fad8a8c5
Mtro. Jesús Torres,mtro.jesústorres,mtro.jesústorres@yahoo.com,02647041868,1991-06-06,"Retorno Malasia 593 084, San Reina de la Montaña, CAMP 20847",114-507-5952,da:ec:d2:57:e6:66,201.185.102.98,GB96SVKE7900899276908,2025-07-07 05:26:32,19270,403,142,342484,a9aef9c8-95b6-4c2f-87de-aec325a4c227
Abelardo Robles,abelardorobles,abelardorobles@yahoo.com,35310186289,1941-03-23,"Calzada Jalisco 160 Edif. 932 , Depto. 446, Vieja Somalia, TLAX 31433",(318)257-0793x182,9a:d2:0e:e8:1d:bd,38.43.13.48,GB05VCII4510469684701,2025-07-07 05:26:32,21152,307,569,1795185,267c0586-5c62-420f-b944-8412739b1032
René Helena Pelayo,renéhelenapelayo,renéhelenapelayo@hotmail.com,70256169312,1959-07-14,"Continuación Norte Nieves 312 254, San Graciela los altos, DF 72391",723.404.1557,7d:59:b7:7e:81:3a,33.140.40.176,GB49USQU5122222190235,2025-07-07 05:26:32,6354,811,649,336975,54dded5e-0bf9-4f79-8a2d-eef2b74eac3c
Dr. Aida Valverde,dr.aidavalverde,dr.aidavalverde@gmail.com,63348168889,1953-01-27,"Eje vial Tuvalu 198 Edif. 081 , Depto. 499, San Rubén los bajos, COL 17399-7336",+53(6)1906804391,02:6d:7c:21:f2:15,209.250.102.200,GB43QRMH7941638474656,2025-07-07 05:26:32,23248,638,144,189165,b27d5a82-8cd4-4965-8b18-65cebce6e997
Guadalupe Lucero,guadalupelucero,guadalupelucero@gmail.com,82349103000,1977-05-05,"Ampliación Sur Pérez 392 291, Vieja Japón, NAY 81108",(217)203-6891x448,ed:fe:29:61:ef:22,27.90.171.67,GB55ZMRR2230894155509,2025-07-07 05:26:32,3664,617,485,333058,12302dec-c2d4-449c-9994-1365e39f1e57
Violeta Camilo Arriaga León,violetacamiloarriagaleón,violetacamiloarriagaleón@gmail.com,40589672977,2002-07-21,"Avenida Bahrein 246 Interior 599, San Arturo de la Montaña, VER 61622",1-755-413-2054x5299,82:65:58:85:da:51,89.214.164.242,GB96MHLI5880582972857,2025-07-07 05:26:32,9655,95,481,1673332,c7a8fa1f-0409-437c-99c8-46da9bf332eb
Elvira Luis Miguel Nieto Moreno,elviraluismiguelnietomoreno,elviraluismiguelnietomoreno@gmail.com,71747076975,2017-07-17,"Callejón Quiñones 867 Edif. 460 , Depto. 031, San Wilfrido los bajos, JAL 93023-7051",973-742-9209x4960,d4:12:bc:67:94:df,163.242.191.114,GB12JRAP8288859386790,2025-07-07 05:26:32,19941,725,513,1968151,2cf7cfb8-3370-4e02-bd1c-648e35fad740
Perla Crespo Cano,perlacrespocano,perlacrespocano@hotmail.com,70180339551,2000-06-04,"Diagonal Navarrete 244 Interior 876, Nueva Timor-Leste, CHIS 21615-3373",384-557-9577x413,ce:97:14:63:ac:4f,9.236.190.117,GB73DEZO7895411420142,2025-07-07 05:26:32,11634,110,260,1420522,b0cf24d5-5184-4aff-a031-1691e3127517
Ing. Guillermina Guzmán,ing.guillerminaguzmán,ing.guillerminaguzmán@yahoo.com,98760368401,1977-04-01,"Eje vial Sur Muñiz 393 918, San Rufino de la Montaña, SIN 64084",(973)555-0644,1b:ba:b4:eb:00:1b,37.44.190.101,GB81VFRT4750770026841,2025-07-07 05:26:32,489,928,493,1019261,71f832fe-0747-4f71-b074-e967e0538247
Sr(a). Elisa Sanches,sr(a).elisasanches,sr(a).elisasanches@yahoo.com,94699238765,2012-05-05,"Prolongación Yucatán 332 Edif. 851 , Depto. 301, San Eloisa los altos, CHIS 75470-1144",1-765-627-2746,6a:92:85:17:44:98,34.1.5.142,GB69QUYB2088919724015,2025-07-07 05:26:32,18499,207,140,1513267,bd005ddc-ee4f-4ae4-a5b3-b9996c22d8d0
Paulina Aldonza Raya Rincón,paulinaaldonzarayarincón,paulinaaldonzarayarincón@gmail.com,04780589471,1991-03-22,"Periférico de la Torre 157 858, San Miguel los bajos, CAMP 26914",1-076-473-7220x32207,ee:60:44:91:a0:bc,82.2.142.250,GB21YBLO6993225089428,2025-07-07 05:26:32,31866,247,545,1062061,66cb976f-c9d5-465c-94d9-7ce278d95d74
Aldo Sanabria Romero,aldosanabriaromero,aldosanabriaromero@hotmail.com,17504803960,1974-06-06,"Periférico Orosco 826 Edif. 684 , Depto. 945, Vieja Qatar, GRO 01956",619.896.8343,1e:f2:00:01:a8:5e,170.177.19.231,GB80LEHB7453720147531,2025-07-07 05:26:32,22306,250,798,1745156,8ad022a2-0b86-47bf-8fa5-b7745bb1e4da
Dr. Andrés Terrazas,dr.andrésterrazas,dr.andrésterrazas@yahoo.com,72574340450,1966-12-16,"Peatonal Bonilla 822 Interior 646, San Norma los altos, BC 89940-1461",(653)699-6789,0a:a0:7d:56:05:19,114.53.234.187,GB63LGLC7874673106973,2025-07-07 05:26:32,10426,984,97,994527,94df9b07-f529-431a-984f-6c25558d02f6
Abril Valencia Toledo,abrilvalenciatoledo,abrilvalenciatoledo@hotmail.com,66664046928,1996-10-06,"Boulevard Acevedo 109 Edif. 201 , Depto. 880, Nueva Guatemala, SON 88932",1-366-471-8001x994,d4:21:e0:c3:28:56,217.123.28.140,GB58BXVL3010549598512,2025-07-07 05:26:32,31139,746,652,1834133,0a731bb4-c5c4-47c7-b2f0-ff2f0a4b40e9
Verónica Pedro Ceja Aguilar,verónicapedrocejaaguilar,verónicapedrocejaaguilar@gmail.com,53168766995,1924-03-21,"Retorno Portugal 303 Interior 476, Vieja Djibouti, MEX 18312",+79(1)4195841738,bc:1e:c4:60:ba:7e,123.128.200.76,GB04JKYD1522330793587,2025-07-07 05:26:32,35508,159,624,68139,6783e3ac-630f-4a1c-a736-8b2af4638d64
Manuel Amalia Sotelo,manuelamaliasotelo,manuelamaliasotelo@hotmail.com,12152332412,1973-06-24,"Peatonal Burkina Faso 597 Interior 537, Nueva Burundi, GTO 06182-4302",03367023650,94:81:72:2e:f3:bc,112.71.162.80,GB23VNGU3957297486252,2025-07-07 05:26:32,19504,317,757,1970035,9e2c5ae0-7f0c-44ce-a680-14f76bb2a2aa
Soledad Villareal Preciado,soledadvillarealpreciado,soledadvillarealpreciado@gmail.com,70590617349,1928-10-02,"Diagonal Matías 179 Edif. 243 , Depto. 651, Vieja Guyana, BC 24816-8752",850.368.9985x880,52:fb:76:ff:23:39,64.24.16.92,GB03PSND1877625414177,2025-07-07 05:26:32,20209,1000,80,488561,1a92738b-410e-4647-a894-ccc4c9ff888f
Paulina Gabriela Ozuna,paulinagabrielaozuna,paulinagabrielaozuna@gmail.com,44725060626,1948-12-30,"Avenida Sur Tapia 203 319, Nueva Liberia, BCS 02186",286.199.1481x7161,82:98:0b:08:36:97,58.12.252.195,GB50AEHV8347104651398,2025-07-07 05:26:32,25386,353,565,706693,8048efd4-3a72-4b25-be98-e53171819632
Roberto Clemente Armenta,robertoclementearmenta,robertoclementearmenta@yahoo.com,50360051689,2004-05-10,"Andador Norte Girón 860 Edif. 014 , Depto. 762, San Estefanía de la Montaña, MOR 77371",250.618.6716,a0:0c:10:85:40:79,6.222.155.144,GB86NBBM7889572335048,2025-07-07 05:26:32,13139,243,570,173538,5c9ba4ca-6c79-4450-ac19-0a1915e816da
Elena Rincón Romo,elenarincónromo,elenarincónromo@yahoo.com,73011975544,1912-12-29,"Privada Norte Hernández 351 Interior 999, San Augusto los bajos, MICH 72278-4490",(565)527-8810x461,e0:c4:08:13:38:31,120.43.56.68,GB66MXGJ5230080182019,2025-07-07 05:26:32,33127,7,358,694872,e8adb233-9583-4ee2-a075-b7e8b912e64d
Zeferino Angélica Tirado Cuellar,zeferinoangélicatiradocuellar,zeferinoangélicatiradocuellar@hotmail.com,24952262749,1963-08-19,"Diagonal Bonilla 843 Interior 326, Vieja Mali, VER 64692-0160",+74(3)3763249897,52:6b:6d:7b:ab:28,137.175.116.2,GB44JLBR7571169838133,2025-07-07 05:26:32,9688,776,118,515984,c75a9078-4eeb-428d-829c-3e99e3df46d2
Blanca Rincón,blancarincón,blancarincón@hotmail.com,96001757358,1974-04-14,"Diagonal Llamas 613 Edif. 236 , Depto. 604, San Débora los bajos, NAY 88102-9697",(821)505-8874x43192,d5:58:0f:08:cb:0d,48.169.116.104,GB85NWSL0393556258529,2025-07-07 05:26:32,33019,341,140,242949,fa0d6729-d241-4220-9c84-aaf6d641d0f7
Jacinto Georgina Villalpando Espinal,jacintogeorginavillalpandoespinal,jacintogeorginavillalpandoespinal@gmail.com,20037750203,1971-10-09,"Viaducto Chihuahua 964 730, San Paola los altos, MEX 87384",597-384-6764x94746,6a:89:4f:51:2b:d7,85.115.139.12,GB38ETXF5461874594164,2025-07-07 05:26:32,26356,597,229,1466954,c941c6ae-9d95-43b7-a320-31b92aadfe34
Tomás Juan Amaya Malave,tomásjuanamayamalave,tomásjuanamayamalave@hotmail.com,09413256653,1910-05-04,"Prolongación Nuevo León 535 Interior 270, San Silvia de la Montaña, TAB 70850",(034)580-8437x152,5e:39:fa:55:7c:f0,205.10.34.33,GB15HNUM8721890799830,2025-07-07 05:26:32,2118,148,361,1413844,8b519b95-0ab4-4f71-b09e-977520d2d65e
María Luisa Alvarez Solorzano,maríaluisaalvarezsolorzano,maríaluisaalvarezsolorzano@gmail.com,83812553150,1992-08-11,"Boulevard Sur Castro 901 099, Nueva Estonia, VER 02667-1821",485.321.4423,79:4a:e4:01:c0:d2,4.246.200.168,GB52UHTP6644961752345,2025-07-07 05:26:32,34994,71,373,1433227,01b5a783-c525-4e7b-bdaa-8f3feaf56cf4
Úrsula Baeza,úrsulabaeza,úrsulabaeza@yahoo.com,80204426326,1928-12-26,"Pasaje Kirguistán 273 Edif. 958 , Depto. 179, Nueva Niger, GRO 57941-2282",753.851.3521,0e:5e:b1:1b:06:1f,123.166.174.108,GB40SBLE7650836351882,2025-07-07 05:26:32,15083,282,218,734744,6ec2df54-88c8-450b-8f18-e27c530e60dc
Delia Cornejo,deliacornejo,deliacornejo@gmail.com,67982896069,2016-01-29,"Callejón Seychelles 494 Edif. 028 , Depto. 901, San Emilio de la Montaña, GRO 31837",730.663.9881,37:a8:4a:70:93:fc,11.35.102.87,GB85YGVA9716301361909,2025-07-07 05:26:32,33155,912,570,638048,ce15b2a3-0e8c-4f51-b100-30a35ba538f5
Ing. Claudia Corona,ing.claudiacorona,ing.claudiacorona@yahoo.com,87460683722,1955-10-13,"Diagonal Acevedo 947 Edif. 887 , Depto. 420, San Espartaco de la Montaña, MICH 03285-9788",1-460-834-2400,31:f5:b3:21:a9:64,166.27.86.14,GB53SAPP5724995415927,2025-07-07 05:26:32,18736,127,412,1574163,9eca0b2f-cad4-41e5-bf4a-4b7038315e44
Rafaél Angulo Peralta,rafaélanguloperalta,rafaélanguloperalta@gmail.com,40139683789,1937-07-30,"Privada Argentina 711 Edif. 590 , Depto. 081, Vieja Bangladesh, MEX 06440-2113",1-557-276-5564x14571,08:21:32:30:90:44,16.240.111.90,GB64UUCQ5142414848777,2025-07-07 05:26:32,17607,571,421,2503,305429e9-cf8e-49b1-af69-53bd1d33b25b
Fabiola Valdés,fabiolavaldés,fabiolavaldés@yahoo.com,31752090220,1970-08-26,"Ampliación Sudán del Sur 422 Interior 652, Nueva Bahamas, MICH 63337-5235",1-014-385-2913,e6:d4:4f:c9:b4:c5,60.161.140.208,GB16KXYP2506834939519,2025-07-07 05:26:32,7665,884,736,1081032,b7c12bdf-b16a-4778-aa06-aeda52723324
Nicolás Barrera,nicolásbarrera,nicolásbarrera@hotmail.com,72968207000,2023-07-20,"Corredor El Salvador 021 763, San Soledad los altos, Q. ROO 65823-0462",010-951-2551x9019,fc:19:32:09:4e:49,205.111.72.97,GB82RLRW7444118948525,2025-07-07 05:26:32,34389,791,583,40828,c3351e49-1400-4f7f-9fb8-bee4c9aeb462
Amanda Alfaro,amandaalfaro,amandaalfaro@gmail.com,46319076413,2012-10-06,"Ampliación Sur Carvajal 386 Edif. 943 , Depto. 205, Vieja Marruecos, SIN 81653-1022",(600)563-0772,77:1c:c3:20:cf:1e,66.172.26.5,GB12RQEE9110678942706,2025-07-07 05:26:32,30644,113,698,176621,3a0aa71f-c94d-439e-9592-82190fdbf9bf
Lic. Raquel Prieto,lic.raquelprieto,lic.raquelprieto@hotmail.com,43639013325,2011-02-05,"Andador Alemania 730 759, San Caridad los altos, DF 06220-5405",(621)012-1119x6107,55:a2:56:23:8e:73,130.235.191.82,GB30AIEA6257094335386,2025-07-07 05:26:32,29531,484,222,21057,4d7531e7-1af8-4dae-bece-ca10f8cfdead
Ing. Angélica Mesa,ing.angélicamesa,ing.angélicamesa@gmail.com,23811574997,1914-11-13,"Periférico Hernádez 268 Edif. 629 , Depto. 677, Nueva Nueva Zelandia, CAMP 60552",1-464-062-9884,4d:c9:4b:f4:e6:47,202.194.112.218,GB50GNLY4985474916455,2025-07-07 05:26:32,23349,211,444,1772650,38ebae2e-e6c4-4f42-a31a-6fb852c53993
Diego Uriel Beltrán Collado,diegourielbeltráncollado,diegourielbeltráncollado@gmail.com,84424417347,1994-08-17,"Eje vial Sur Piña 798 Interior 648, San Dolores los altos, SON 46129-6840",(589)864-9027x094,a9:47:34:9a:ae:f9,204.126.208.208,GB79SGHE6783599599865,2025-07-07 05:26:32,19796,597,729,1692704,e16cddb0-b362-41e7-b50e-6882b583be77
Mercedes Alejandra León,mercedesalejandraleón,mercedesalejandraleón@yahoo.com,36858312097,1966-04-02,"Cerrada Alonzo 338 Edif. 355 , Depto. 410, San Gustavo los bajos, MICH 31745-1806",00954742569,d7:09:cd:3b:a7:1e,3.113.177.202,GB97UQYJ3634760276340,2025-07-07 05:26:32,35421,989,762,661397,b5b44843-dfd9-48d1-aea7-4012ff7f42e6
María José José Carlos Lebrón Chacón,maríajoséjosécarloslebrónchacón,maríajoséjosécarloslebrónchacón@yahoo.com,51699622596,1923-08-27,"Viaducto Colima 780 Interior 075, Vieja Bahrein, QRO 86159",123-225-4065x5887,0b:f4:9b:b7:a8:38,119.67.141.143,GB16ENAQ8199757428513,2025-07-07 05:26:32,16422,707,377,1999161,38d38c92-43e2-4f93-8028-98242946abff
Sr(a). Carmen Nava,sr(a).carmennava,sr(a).carmennava@hotmail.com,14279875265,1991-04-22,"Circuito Campeche 876 511, Vieja Eslovenia, AGS 89885-6506",561-006-1105,df:6a:18:ae:64:a5,44.126.51.164,GB76QUOW3180987326257,2025-07-07 05:26:32,4219,858,143,1205200,9d9a2223-00ac-4f79-bd7c-c12097e82bfc
Zoé Maestas,zoémaestas,zoémaestas@hotmail.com,93233974042,1935-04-03,"Continuación Parra 186 384, Nueva Kazajstán, TAMPS 72102-3032",279.261.8752x114,c0:52:69:54:cc:e8,72.116.205.124,GB95OAGA1949335740616,2025-07-07 05:26:32,7946,716,382,393073,83559cc4-5dbc-428e-8be3-1776e75e5896
José Luis Benavídez,joséluisbenavídez,joséluisbenavídez@yahoo.com,73996850969,2008-06-14,"Andador Norte Tamez 850 739, San Pascual los bajos, JAL 76997-7866",520.676.8697x4372,2c:20:8a:81:a8:d4,195.252.235.128,GB43FZUE8159648236749,2025-07-07 05:26:32,33415,375,200,524205,7c0542c4-1d20-42bd-81dd-c0495cfcfec5
Marisol Lourdes Alonzo Garica,marisollourdesalonzogarica,marisollourdesalonzogarica@yahoo.com,34809194151,1933-09-17,"Callejón Garza 389 978, San Gabriela de la Montaña, SON 36879-3160",1-891-068-4345,2a:7a:26:c2:e6:88,134.230.174.103,GB57XZLO9907661249898,2025-07-07 05:26:32,4327,127,725,537760,0cca36e0-89bb-4ba8-9a35-48d3b52a3922
Jorge Franco,jorgefranco,jorgefranco@yahoo.com,57617963830,1980-06-27,"Eje vial Bélgica 409 064, Nueva Vanuatu, GTO 15881",777.873.4065x55443,9c:78:e1:ee:21:6a,151.162.230.196,GB13UWNE0282582456332,2025-07-07 05:26:32,23608,300,170,959335,2f57cfbf-10af-426b-b256-e30e3ea6c51d
Abigail Naranjo,abigailnaranjo,abigailnaranjo@gmail.com,85545947054,2004-09-01,"Calle Tamaulipas 919 824, Vieja Nauru, PUE 89284",413-192-5167x93397,db:c3:cb:81:e7:f3,141.81.39.166,GB04GSHN1621259952938,2025-07-07 05:26:32,21889,662,13,1243496,2e415936-c4dd-4f89-8933-464288beb711
Hilda Perales,hildaperales,hildaperales@hotmail.com,18379048921,2005-08-17,"Retorno Guanajuato 651 Edif. 215 , Depto. 821, Vieja Turquía, YUC 59563-0567",(240)082-1682x53570,70:52:49:4e:8b:d4,121.248.226.224,GB02OKGW7606534151989,2025-07-07 05:26:32,9683,369,140,551399,d39fbf7c-7c79-4e63-ad25-bcbef28ae74d
Itzel Sessa Valles Moreno,itzelsessavallesmoreno,itzelsessavallesmoreno@gmail.com,65641349132,1932-02-18,"Cerrada Norte Ferrer 013 545, San Jos los altos, TLAX 32876",639-850-2062x52514,b4:7b:a7:34:64:10,49.245.5.255,GB73PMWP0849859001978,2025-07-07 05:26:32,20072,395,504,727286,30c21e32-abb5-4193-aab2-0f86b0de36d7
Rocío Delgadillo,rocíodelgadillo,rocíodelgadillo@yahoo.com,32194895234,1962-03-18,"Pasaje Castillo 245 Interior 025, Nueva Barbados, DGO 41387-2510",(273)181-2970x90013,cd:b3:28:2b:12:8f,44.191.223.170,GB52CMFY6517188813356,2025-07-07 05:26:32,9489,646,687,668378,7bb7cac0-5e05-4972-91d2-7eda0bb3d55a
Dr. Samuel Navarrete,dr.samuelnavarrete,dr.samuelnavarrete@yahoo.com,20911312765,1944-01-06,"Corredor Norte Carrillo 894 Interior 365, Nueva Estonia, SON 76275",334.576.1012,25:84:49:93:56:1b,51.132.244.156,GB67FRIB9381349272213,2025-07-07 05:26:32,13769,997,594,162518,3fce71f0-dedf-4ebe-bf08-30e36c584eb7
Sr(a). Minerva Almanza,sr(a).minervaalmanza,sr(a).minervaalmanza@yahoo.com,87576569484,1957-04-29,"Callejón Norte Lugo 837 Edif. 663 , Depto. 156, San Felix los altos, HGO 92052",(579)598-8565x2051,67:7b:21:1f:c3:a1,69.251.155.104,GB25HCAH5073762980135,2025-07-07 05:26:32,16902,151,181,1607576,ca8c1c90-6672-43c7-834a-485d116a5f6a
Virginia Torres,virginiatorres,virginiatorres@gmail.com,64521747051,1957-06-29,"Peatonal Gonzales 545 Edif. 367 , Depto. 418, Nueva Lesotho, BCS 30488",04680070223,e8:d5:e6:c6:bb:68,219.198.211.215,GB12TNMC2315563358008,2025-07-07 05:26:32,29601,862,393,1196953,aa98a47c-1b69-452f-b147-6bf321bcf6cc
Juan Carlos Figueroa Magaña,juancarlosfigueroamagaña,juancarlosfigueroamagaña@gmail.com,25982100965,1920-01-21,"Circuito Campeche 641 Edif. 312 , Depto. 963, Nueva Singapur, CAMP 93651",008-658-6242x20434,0e:ac:83:b7:42:cc,177.210.167.78,GB11NYXN3147197433316,2025-07-07 05:26:32,35385,215,385,718396,c333a3b4-3666-4c0a-90ba-1672afc57dcf
Dolores Gómez Otero,doloresgómezotero,doloresgómezotero@hotmail.com,85690034401,1957-08-25,"Viaducto Norte Posada 945 Edif. 456 , Depto. 736, Nueva Nigeria, NAY 71351",575.211.8684x3364,f9:31:37:15:b4:8e,39.153.237.209,GB64FBAK7251225655873,2025-07-07 05:26:32,22295,595,368,1867376,d1197651-3caa-4b23-8b10-ed8bff00ddef
Ing. Abraham Hidalgo,ing.abrahamhidalgo,ing.abrahamhidalgo@gmail.com,48132877647,1933-06-20,"Privada Burgos 693 Edif. 624 , Depto. 883, Nueva Serbia, ZAC 17895",248.968.5953,f8:8f:7a:60:8d:35,55.250.115.240,GB86ROUO5231091044013,2025-07-07 05:26:32,33179,667,3,443403,b7337aab-c3d2-4091-8ba1-0c8b1041ff54
Cecilia Joaquín Calvillo Almaraz,ceciliajoaquíncalvilloalmaraz,ceciliajoaquíncalvilloalmaraz@gmail.com,26037725103,2011-02-24,"Cerrada Norte Samaniego 412 977, San Irene de la Montaña, CHIS 53887-2888",05137093767,26:b9:32:a5:92:b4,193.112.220.104,GB77XGXJ8349000654973,2025-07-07 05:26:32,30892,432,463,609299,7165c4bd-a799-4f7f-a4a2-89c54f54be2b
Dr. Esparta Valdés,dr.espartavaldés,dr.espartavaldés@gmail.com,15925069450,1995-10-28,"Viaducto Naranjo 314 Interior 589, Vieja Malasia, JAL 45622",+67(8)0080487599,90:4a:63:ed:57:8c,43.56.3.156,GB22FSES7285616438427,2025-07-07 05:26:32,9871,126,187,1754412,d6c388e2-a463-4d2e-af67-bc2d219b574d
Magdalena Díaz Jáquez,magdalenadíazjáquez,magdalenadíazjáquez@gmail.com,24782661235,1947-08-21,"Circuito Sur Aguirre 841 290, Vieja Kazajstán, YUC 14065-3720",243-322-5138x21890,4b:64:89:77:8f:47,116.171.88.92,GB79EAZV0150710338440,2025-07-07 05:26:32,188,856,449,1028513,bcdb4dde-4c3d-4a13-bf96-2d3d6092b13a
Germán Francisco Javier Dávila,germánfranciscojavierdávila,germánfranciscojavierdávila@gmail.com,72743958646,1939-01-22,"Prolongación Arabia Saudita 708 Interior 275, Vieja Grecia, DGO 40761",1-264-725-5458,17:4c:79:ef:2f:8f,130.130.147.219,GB33TCQP7181569673090,2025-07-07 05:26:32,2418,37,764,1066589,447a82f0-16fe-46ee-8448-14a22bab4a2c
Lorena Rosales Treviño,lorenarosalestreviño,lorenarosalestreviño@hotmail.com,96292459920,1936-10-14,"Viaducto Montoya 238 120, San Augusto de la Montaña, NL 68131",1-456-513-8479,04:7b:e5:85:84:9f,183.182.239.69,GB64DQNE0386790441056,2025-07-07 05:26:32,15824,594,216,681912,0308c3ac-f0ca-46e8-ae83-473525d6dc87
Mauricio Delia Garza,mauriciodeliagarza,mauriciodeliagarza@hotmail.com,01013609522,1927-06-20,"Calle Colombia 004 Edif. 962 , Depto. 361, Vieja Bolivia, VER 39792",552-613-2871x9715,bc:2d:ac:96:74:8d,206.116.65.11,GB51SIHI8684073986107,2025-07-07 05:26:32,1233,567,381,1393018,3482da8b-dfc3-45ae-8499-b06fad353f19
Isabela Trinidad Pizarro,isabelatrinidadpizarro,isabelatrinidadpizarro@yahoo.com,33758567029,2007-09-21,"Circuito Nicaragua 008 Interior 205, San Nadia los altos, TAMPS 75130",740.052.6735x2341,4e:37:25:83:5d:a3,96.194.48.137,GB83XLPV8431321523993,2025-07-07 05:26:32,25143,751,472,183969,8a7ab89d-ce08-4b7b-b879-9c1e780c6496
Sr(a). Enrique Casas,sr(a).enriquecasas,sr(a).enriquecasas@gmail.com,43234427938,1965-12-02,"Avenida Sur Montenegro 072 716, Vieja India, MICH 66073",1-383-777-1922x5809,d6:d4:79:74:f5:33,197.180.84.134,GB09LFNU2711095035707,2025-07-07 05:26:32,2687,897,699,805078,fb2e20cc-33e2-4516-8256-e7c02de8a5c6
Héctor Mojica,héctormojica,héctormojica@gmail.com,04959719578,1954-08-10,"Calle Sur Cadena 590 Interior 716, Vieja República Popular Democrática de Corea, MOR 51934-8253",654-915-4927x6676,5f:60:f7:18:b0:0f,157.118.72.181,GB44XWGV6593703649028,2025-07-07 05:26:32,18214,382,589,864379,075964b4-3999-40aa-8be9-ab4bbf276791
Hugo Carbajal,hugocarbajal,hugocarbajal@gmail.com,73561904456,1969-12-05,"Circuito Munguía 520 941, Vieja República Centroafricana, YUC 26070-0428",1-837-093-1976,dd:6a:11:66:bd:ec,12.138.48.17,GB03RLFT9102202370226,2025-07-07 05:26:32,21319,631,173,960302,98813c65-d3af-4de8-b0ce-a345ffcc0046
Dr. Úrsula Santana,dr.úrsulasantana,dr.úrsulasantana@yahoo.com,83326536402,2008-03-14,"Avenida Perea 602 Interior 823, San Guillermo los altos, TLAX 11798",1-129-816-0015,53:9f:ec:a9:38:3c,193.167.79.156,GB10IPAH9603738617390,2025-07-07 05:26:32,19876,102,200,1726184,29d35807-e119-4e12-a1a4-f44e71987268
Modesto Olivia Riojas Cantú,modestooliviariojascantú,modestooliviariojascantú@yahoo.com,11290913315,1931-09-09,"Avenida Gabón 353 Edif. 651 , Depto. 551, San Pascual los bajos, BCS 85390-7480",227.133.9958x9310,1e:76:cf:35:e1:78,44.62.21.148,GB35HINZ7603008527344,2025-07-07 05:26:32,28579,37,541,28525,17727a01-2a61-4689-bec3-a5c7553a7d6b
Hernán Cristal Valdés Venegas,hernáncristalvaldésvenegas,hernáncristalvaldésvenegas@hotmail.com,20078255757,2004-07-13,"Viaducto Venezuela 749 395, San Gilberto los altos, YUC 24994",1-121-082-8040x77019,c2:d1:fd:f7:e2:1d,124.157.92.121,GB03COYR8531542544773,2025-07-07 05:26:32,7847,128,652,1804772,f3d97aa2-22e2-428f-b32d-cb1f2f919e48
Mtro. Débora Salas,mtro.déborasalas,mtro.déborasalas@gmail.com,94024133293,1973-06-30,"Continuación Olivera 275 Interior 785, Nueva Liberia, DF 30584-9855",180.187.7520x8335,2d:84:ad:c4:4a:b6,11.229.181.196,GB45QXIT0286213407898,2025-07-07 05:26:32,4006,905,29,649718,830417cb-aa6d-461f-a6a4-7ff3f725b5fa
Paulina Lozano,paulinalozano,paulinalozano@yahoo.com,43267095651,2006-01-11,"Circuito Torres 572 Edif. 823 , Depto. 092, San Amalia los altos, Q. ROO 58275",1-747-057-5422,6d:70:33:5c:2f:4f,54.92.24.91,GB25SVZZ1798450202295,2025-07-07 05:26:32,18054,690,455,151883,909b42b9-3670-4ec5-8bf6-da25722d1781
Jacobo Abril Mascareñas,jacoboabrilmascareñas,jacoboabrilmascareñas@gmail.com,16107265809,1999-12-23,"Circuito Georgia 278 Edif. 488 , Depto. 599, Nueva Chile, BC 61280",853.914.1620,50:66:ef:a9:cc:00,76.147.64.222,GB68QMXA5155070913478,2025-07-07 05:26:32,33919,686,606,1309871,2b1bc322-36f1-4892-90ef-8701d687abee
Claudio Portillo Páez,claudioportillopáez,claudioportillopáez@gmail.com,38760518829,1983-12-24,"Cerrada Belarús 009 Edif. 886 , Depto. 136, Nueva Australia, DF 69680-8895",008.239.6310x4451,b7:87:6b:5a:e1:2b,196.150.64.68,GB72LGPB7305646492023,2025-07-07 05:26:32,25299,713,482,1158686,bb5343dc-dee9-471c-a1ad-28588d7d094f
Abraham Becerra,abrahambecerra,abrahambecerra@yahoo.com,21008259877,2001-12-04,"Viaducto Norte Caballero 001 Interior 990, San Helena de la Montaña, DGO 39823",946-922-5365,c5:21:59:63:cb:be,203.141.155.161,GB12VHSN9280286541947,2025-07-07 05:26:32,26740,165,713,954626,ce89cdd5-6764-490a-9db9-bca0f16856b8
Sr(a). Lilia Barrientos,sr(a).liliabarrientos,sr(a).liliabarrientos@hotmail.com,60017815717,1960-03-26,"Avenida Zacatecas 488 Edif. 406 , Depto. 609, San Isabel los bajos, TAMPS 55868-6812",+63(7)7292062870,33:19:16:08:5e:a0,95.114.11.87,GB46ZWSJ3315959730828,2025-07-07 05:26:32,2481,98,368,1017288,6d9de4c9-4cb2-45df-91da-3a47950e0ed7
Julio César Caridad Garica,juliocésarcaridadgarica,juliocésarcaridadgarica@yahoo.com,74907397363,1973-12-24,"Andador Esquivel 022 Interior 253, Vieja Mozambique, QRO 21847",675.270.6799,fe:5c:79:e4:77:57,61.94.204.146,GB18BWPS8473539154876,2025-07-07 05:26:32,23167,435,212,115196,889d2f47-c0c0-49e7-be45-6745d59a61e0
Laura de la Garza,lauradelagarza,lauradelagarza@yahoo.com,52735113053,1945-01-20,"Callejón Pineda 836 Interior 059, San Rolando de la Montaña, TAMPS 42300-5955",(845)577-5092,aa:a6:ec:a1:12:6c,16.136.152.89,GB48FDIA2978157140580,2025-07-07 05:26:32,16894,181,600,1759063,9852f5df-1c09-43ff-b27b-9215a9b84421
Mtro. Hugo Cardenas,mtro.hugocardenas,mtro.hugocardenas@yahoo.com,11328571051,1957-08-31,"Viaducto Nuevo León 601 Edif. 191 , Depto. 808, San Ariadna de la Montaña, OAX 71883",1-350-596-0298x493,12:78:6e:11:80:e7,57.4.121.1,GB20SBVD1294217586079,2025-07-07 05:26:32,14984,894,558,1004918,67205351-74e8-42ac-94c3-9e14e0004a8e
Ana Lira,analira,analira@yahoo.com,84208143762,2014-12-22,"Retorno Sur Urías 560 150, San Óliver los bajos, COL 41442",1-684-293-0977x07463,93:df:ac:ad:eb:40,77.39.129.97,GB35RKYE8003453356773,2025-07-07 05:26:32,16858,46,52,1785098,06b68ceb-a951-47f0-9ad7-bc5d9098e6d8
Leonor Patricio Santillán,leonorpatriciosantillán,leonorpatriciosantillán@hotmail.com,51832701026,1929-01-14,"Retorno Sur Badillo 541 Edif. 158 , Depto. 597, San Alonso los altos, YUC 24340",1-368-565-0157x139,e9:6b:c8:5f:75:b1,74.175.9.195,GB47ABQD8103494392826,2025-07-07 05:26:32,7995,58,152,1860160,b225964c-e2b0-47c4-9382-fce869226b80
Rocío Velasco Casanova,rocíovelascocasanova,rocíovelascocasanova@hotmail.com,10602617143,1946-08-27,"Circuito Sur Correa 116 764, San Julio los altos, TAMPS 03964-5239",537.611.7067x753,2e:3d:2d:b0:d8:10,197.86.46.120,GB19YOJC8752335968431,2025-07-07 05:26:32,14956,931,295,988664,4fcc8d62-c261-4a13-8a6c-3f82dd1e02d4
Mtro. Isabel Rivas,mtro.isabelrivas,mtro.isabelrivas@gmail.com,07034847306,1970-05-21,"Cerrada Norte Zapata 642 Interior 541, Nueva Yemen, CHIS 60342",1-711-067-1741,58:68:0b:1d:4b:a5,167.233.210.106,GB38PKIM5895968812917,2025-07-07 05:26:32,12331,197,435,1046516,5c59ca86-9b4f-42a4-9ebc-b7eae0f2913f
Abelardo Mejía Mesa,abelardomejíamesa,abelardomejíamesa@yahoo.com,16244968901,2006-11-21,"Corredor Nazario 556 Interior 335, Nueva Luxemburgo, CHIH 12397",576.504.9532x1984,bf:aa:ee:36:03:8b,59.180.153.153,GB75WYPK6779001246126,2025-07-07 05:26:32,15420,659,149,575289,dc937cc2-3e43-45a9-bd1d-2544ed6eeb5c
Nayeli Sosa Perea,nayelisosaperea,nayelisosaperea@gmail.com,24955204912,1978-09-23,"Corredor Vargas 864 Interior 159, San Beatriz los bajos, DGO 53469",444-978-9439,d1:6f:c7:b6:76:8b,47.193.43.242,GB15PEWK6313102244203,2025-07-07 05:26:32,13252,88,300,1924642,8bab6627-58a9-479e-a6a8-5ea97dcb49a5
Eugenio Débora Anaya Haro,eugeniodéboraanayaharo,eugeniodéboraanayaharo@yahoo.com,80185085901,1930-05-16,"Privada Rincón 918 Edif. 873 , Depto. 244, San Angélica los altos, COL 11269-7458",670.480.3370x6508,f8:d8:e9:ed:fc:cc,107.5.18.4,GB38ZTNP8662365602030,2025-07-07 05:26:32,19988,999,290,267551,1580c862-8e95-40f8-98b3-e6e980877755
José Emilio Cortez,joséemiliocortez,joséemiliocortez@gmail.com,57107725301,1930-05-26,"Eje vial Kirguistán 614 Interior 291, Vieja Libia, GRO 91457-7300",+73(2)9228250814,f6:5c:f1:bc:a6:d9,6.218.251.47,GB29VAQI1465136615504,2025-07-07 05:26:32,6966,347,563,104423,fcd96d42-038a-4ccc-bf3c-0a1adba1d230
Perla Úrsula Echeverría Meza,perlaúrsulaecheverríameza,perlaúrsulaecheverríameza@yahoo.com,28727185234,1922-09-29,"Boulevard Norte Niño 325 309, Nueva Guinea Ecuatorial, CHIS 66037",216.378.1036x6971,fa:bd:d6:ac:1f:57,156.249.252.41,GB43BKWX4098870976894,2025-07-07 05:26:32,7413,261,553,92378,76352da1-8170-4bfc-9d9d-3e9d3494e75d
Daniel Montemayor,danielmontemayor,danielmontemayor@yahoo.com,12021413815,1929-09-06,"Circuito Durango 267 390, San Cynthia los altos, PUE 23464-0232",1-904-896-9152,a3:94:82:8b:a1:e8,13.160.75.89,GB23WLDA2949245230549,2025-07-07 05:26:32,34376,787,530,729520,9f563aff-fa03-4eac-bf57-3962751e6e41
Esparta Canales,espartacanales,espartacanales@gmail.com,78768029155,1960-03-03,"Peatonal Baja California 162 538, Vieja San Marino, OAX 65016-0115",874.353.0538x9001,6e:69:da:b8:cd:b3,92.26.228.58,GB20BRKB0221056064999,2025-07-07 05:26:32,12435,5,313,906320,5b5c9f3b-d709-4510-b252-8709db842a06
Reina Balderas,reinabalderas,reinabalderas@yahoo.com,46705242611,1920-06-20,"Circunvalación Portugal 249 Interior 336, San Victoria los bajos, SIN 35163-0360",899.118.7713,08:20:92:82:35:a2,99.209.155.182,GB32CLLQ9353115124541,2025-07-07 05:26:32,21070,353,495,1089621,415ec387-5f35-493a-8bc2-6d437c1d57df
Pilar Madrigal del Río,pilarmadrigaldelrío,pilarmadrigaldelrío@yahoo.com,42589616897,1937-09-24,"Circuito Cardenas 569 Edif. 346 , Depto. 030, San Dolores de la Montaña, PUE 55434",(464)173-0422,f0:48:9d:dc:21:8f,45.96.77.188,GB76VHEU9701054255171,2025-07-07 05:26:32,4325,445,687,141707,3ed4cf14-00f7-4be5-9bb1-75699dc8d2b8
Minerva Ramiro Valadez,minervaramirovaladez,minervaramirovaladez@hotmail.com,59807750837,1913-03-20,"Andador Ocasio 867 775, Nueva Mongolia, HGO 40677-3361",03597573882,0a:b5:2a:e3:e4:88,96.145.56.247,GB90DUKS0866067759588,2025-07-07 05:26:32,7349,214,96,25514,1c94d6fc-5a96-4608-9862-bed6c5264c09
Sr(a). Andrés Patiño,sr(a).andréspatiño,sr(a).andréspatiño@gmail.com,80310695814,1951-01-21,"Diagonal Coahuila de Zaragoza 302 Interior 788, Nueva Nauru, TLAX 54124",(222)241-2384,da:c0:be:c4:a5:0e,97.121.145.175,GB72FULD8709854945507,2025-07-07 05:26:32,10057,886,534,281492,6a940dcf-aeb1-4a7a-9159-7157c5fe1d09
Arcelia de la Crúz,arceliadelacrúz,arceliadelacrúz@yahoo.com,70797617373,1946-07-22,"Circunvalación Sri Lanka 116 Edif. 289 , Depto. 707, Nueva Guinea, MEX 27952-4644",1-411-324-7771,86:12:cd:ee:5c:84,90.20.50.137,GB17OKEU5321525665690,2025-07-07 05:26:32,8579,177,128,1082384,f844eb2b-3649-4287-8e57-dd2c607b1e6f
Angélica Rojas,angélicarojas,angélicarojas@yahoo.com,24840610794,1982-10-20,"Circuito República de Macedonia del Norte 741 Interior 617, San Daniela los bajos, JAL 64583",(126)595-9692,1c:66:b4:c7:a5:3a,56.166.219.254,GB06AMQC5843319024549,2025-07-07 05:26:32,2059,702,391,1822642,0825002b-55ab-4c41-b27a-3f0dce1f06e0
Carlota Mariana Arroyo Alba,carlotamarianaarroyoalba,carlotamarianaarroyoalba@gmail.com,66357803353,1989-06-19,"Avenida Nuevo León 355 Interior 078, Vieja Singapur, YUC 37507-5967",05327977095,39:59:dc:f1:12:fb,24.240.108.172,GB17ZQIO7408951513176,2025-07-07 05:26:32,16029,630,125,627519,005b060f-11f9-45c5-b2ac-8b3cab900a71
René Patricia Aguirre,renépatriciaaguirre,renépatriciaaguirre@gmail.com,42032405328,1951-01-02,"Viaducto Alemania 114 Interior 210, San Alta  Gracia los altos, COAH 34223",(588)234-1026,78:dd:b2:b0:b6:59,122.98.47.58,GB11CVLZ4572784116217,2025-07-07 05:26:32,25416,881,95,69958,5c438dce-c567-4a2e-88f3-b5a80f234865
Lucas Santiago Collazo,lucassantiagocollazo,lucassantiagocollazo@gmail.com,69337406107,1984-01-17,"Calzada Sur Reséndez 385 Interior 611, San Elisa de la Montaña, GRO 00666-4775",(562)883-4610x02739,fa:38:b0:5e:2d:98,204.165.173.165,GB88GARS0223919281539,2025-07-07 05:26:32,27099,581,744,1228207,7c2bf35b-93a5-403c-8a9a-6de5266f56fd
Sr(a). Camilo Briseño,sr(a).camilobriseño,sr(a).camilobriseño@yahoo.com,55172703310,1998-08-22,"Callejón Morelos 080 814, San Delia de la Montaña, GRO 90036-0609",184.066.1401x7169,f5:fc:e7:74:43:85,116.29.210.126,GB39PQFR8710475514895,2025-07-07 05:26:32,3821,569,677,1911236,2cd2dd65-1e16-4342-9db3-cf60478c5e97
Darío Dalia Olvera,daríodaliaolvera,daríodaliaolvera@yahoo.com,82592407413,1961-08-01,"Calle Aguascalientes 552 Edif. 099 , Depto. 352, San Eduardo los bajos, QRO 13276-8163",287.051.7855x5728,24:89:12:72:e7:22,142.113.180.159,GB70DQHG0308659695503,2025-07-07 05:26:32,8392,411,7,764406,170427f8-b525-4103-91e1-1faab48c193d
Zacarías Arcelia Mateo,zacaríasarceliamateo,zacaríasarceliamateo@yahoo.com,84911094500,2000-08-31,"Corredor Aguascalientes 443 Edif. 510 , Depto. 329, Nueva Singapur, SIN 74731",+14(0)6064952226,00:79:f6:db:ea:0f,56.218.242.29,GB27ZAUE6809649900246,2025-07-07 05:26:32,250,592,796,347476,2cbfe0c8-fe30-4c35-a84a-3e694814422a
Liliana Flores Sanabria,lilianafloressanabria,lilianafloressanabria@yahoo.com,95494931611,1966-09-20,"Calle Oaxaca 641 416, Vieja Eslovenia, BC 62763",+15(5)5541795656,fe:e4:05:67:36:23,203.56.247.206,GB02CPTA1031310512296,2025-07-07 05:26:32,15818,429,220,677488,a67c0569-585e-494a-94b3-5f9984cd0929
Lic. José Eduardo Manzanares,lic.joséeduardomanzanares,lic.joséeduardomanzanares@yahoo.com,45917384724,2016-10-17,"Andador Rosales 983 Edif. 948 , Depto. 101, Nueva Senegal, JAL 37456",363-948-9166x54847,49:ec:29:8d:c2:91,148.77.187.241,GB48ONBY5708447941937,2025-07-07 05:26:32,33835,248,700,951097,c81e2094-d400-44cd-a28e-5a9f4b5b0c1c
Diego Montero,diegomontero,diegomontero@yahoo.com,02924498575,1935-05-02,"Ampliación Brasil 814 121, San José Carlos de la Montaña, PUE 55718",307.372.0772,0e:2d:ae:35:f5:21,194.76.239.208,GB67VBZG2154914228050,2025-07-07 05:26:32,15643,188,724,1047540,fb18f864-0025-42ab-a40e-51fea1acae94
Mario Alva,marioalva,marioalva@yahoo.com,94092965055,1919-10-28,"Circunvalación Aguascalientes 375 Edif. 601 , Depto. 364, San Víctor de la Montaña, JAL 93686-7487",(698)554-2434x89602,b5:d7:c4:bf:0a:79,167.88.167.78,GB56BMGX9749607572178,2025-07-07 05:26:32,3940,615,152,1430141,021a1f8c-5059-4d15-99ad-baa4563b960d
Gilberto Raúl Montero,gilbertoraúlmontero,gilbertoraúlmontero@yahoo.com,50666047670,2014-04-02,"Pasaje Bahrein 048 Interior 976, Vieja Congo, TAMPS 44384-0320",879-939-9142,d0:9f:5f:1d:a0:e6,105.208.188.111,GB52KRMS2652131628273,2025-07-07 05:26:32,6265,207,392,591850,c52a75fc-9cfd-4baa-a287-f95a2c314a15
Mtro. Camila Ozuna,mtro.camilaozuna,mtro.camilaozuna@gmail.com,97795957857,1978-02-17,"Viaducto Austria 543 Edif. 143 , Depto. 915, San Pablo los altos, QRO 71102-3491",1-035-980-8705x6580,31:13:bb:e5:d8:06,201.77.101.23,GB96WGPS2852440027119,2025-07-07 05:26:32,12053,602,94,1363089,04a4a881-c928-4e81-b854-8b706a1445ed
Maximiliano Nancy Espinosa,maximilianonancyespinosa,maximilianonancyespinosa@yahoo.com,77431449394,1972-04-03,"Circuito Veracruz de Ignacio de la Llave 052 Edif. 358 , Depto. 381, San Susana de la Montaña, SON 71851",760-120-6114x613,77:4a:7d:f0:58:0d,69.128.35.174,GB10FKHE9933588287860,2025-07-07 05:26:32,655,401,30,1936891,041437e8-ad87-4f4e-bca2-9265d0edfebc
Marisela Valverde,mariselavalverde,mariselavalverde@gmail.com,75977187394,2004-07-12,"Corredor Olivas 814 980, San Caridad de la Montaña, CAMP 55382-5691",1-146-439-4981,e9:16:7d:e2:ca:4e,96.171.200.207,GB24EVYY2160051779584,2025-07-07 05:26:32,3102,831,372,923906,e13d5426-7080-4149-ba31-2cd81d698fc4
Caridad Roybal Barrios,caridadroybalbarrios,caridadroybalbarrios@hotmail.com,12495103504,1977-01-23,"Cerrada Emiratos Árabes Unidos 801 Interior 051, Vieja República de Moldova, SIN 04025-6173",044.674.1808,8a:92:d2:10:10:43,152.245.183.111,GB96DBXF7497842529826,2025-07-07 05:26:32,34400,789,400,1288543,27cdcc4e-f38b-4b05-81a2-6d8c8da80367
María del Carmen Rolón,maríadelcarmenrolón,maríadelcarmenrolón@gmail.com,21961981376,1965-11-25,"Privada Tamaulipas 681 360, San Lucas de la Montaña, SON 51864-5788",845.327.6233x01642,61:d8:ae:09:55:3c,169.4.73.44,GB98GBKD5014639857325,2025-07-07 05:26:32,33194,621,8,308601,8a447c9f-c2c8-4c9e-b698-396fa36e1f29
Amelia Mariana Escobar,ameliamarianaescobar,ameliamarianaescobar@yahoo.com,20389802479,1926-03-20,"Andador Cabo Verde 551 Edif. 160 , Depto. 146, San Elisa de la Montaña, TAB 31677",965-215-1070,d3:ab:1e:80:2c:f1,124.201.12.137,GB61KGUL7373834222769,2025-07-07 05:26:32,3864,478,95,338374,dde81364-d7f0-4b85-9d54-ff97d45e2d21
Fabiola Segura Cabrera,fabiolaseguracabrera,fabiolaseguracabrera@gmail.com,30269124019,1995-10-26,"Eje vial Norte Bonilla 784 Interior 081, San Claudia los altos, MEX 14800-8749",771-853-9686x7175,76:4a:5e:a7:41:31,37.234.85.99,GB46DIYO3416782672400,2025-07-07 05:26:32,35831,493,479,945106,b59fb104-0eab-412b-a2ea-ebe1cb4d625c
Dolores Prado Díaz,dolorespradodíaz,dolorespradodíaz@gmail.com,17972041135,1999-05-06,"Boulevard Albania 663 111, San José Eduardo los altos, CHIH 33115-3525",1-022-466-9173,dc:10:8e:4f:ba:04,207.101.179.13,GB42JFKX9613650769649,2025-07-07 05:26:32,22671,720,293,177168,fabfc6c9-c2bf-40a8-b7b6-331025d87aad
Jorge Noemí Ornelas,jorgenoemíornelas,jorgenoemíornelas@hotmail.com,86354842709,1951-12-05,"Diagonal Jalisco 133 660, Nueva Venezuela, TAMPS 98232",871-598-5030x0383,3d:72:ad:28:22:47,177.106.101.122,GB29BHCE0978890119805,2025-07-07 05:26:32,22225,812,318,1728677,e7cd9faf-0086-4cf0-970e-e5ae1424c165
Jorge Luis Rosario Sarabia,jorgeluisrosariosarabia,jorgeluisrosariosarabia@yahoo.com,19810613158,1995-01-05,"Privada Distrito Federal 851 Edif. 522 , Depto. 516, San Elvia los altos, SLP 17714",1-275-318-8329x437,13:6a:9a:5f:f2:86,58.21.49.18,GB75PKAY9877391874303,2025-07-07 05:26:32,8253,986,264,23984,17848c68-1b74-4ada-b95a-db34c95e1a47
Dr. Federico Villareal,dr.federicovillareal,dr.federicovillareal@gmail.com,41856980713,2003-09-29,"Prolongación Castro 494 925, Vieja Belice, COAH 89187",585-001-9135x781,b0:94:b4:88:00:a0,8.175.20.218,GB57BZBF6896752953532,2025-07-07 05:26:32,35192,143,282,325669,70a3b915-caad-4e34-a0d2-78817b2fa733
Reina Riojas,reinariojas,reinariojas@hotmail.com,89508082222,2000-05-12,"Boulevard Guerrero 121 Interior 934, Vieja Saint Kitts y Nevis, SON 21616-9754",1-818-458-3608x3308,d9:24:01:b3:e8:48,169.147.228.92,GB32UVOJ8403602152191,2025-07-07 05:26:32,34643,882,557,1467767,a2507f24-99c5-4c7b-9346-6fb2d729f033
Alvaro Elvia Coronado Carreón,alvaroelviacoronadocarreón,alvaroelviacoronadocarreón@gmail.com,07986935042,1926-02-20,"Andador Guerrero 447 749, San Rodrigo los altos, SON 36322",567.354.2877,6c:e6:58:81:8f:7b,27.201.203.102,GB80JWMO7316609901016,2025-07-07 05:26:32,27659,580,540,587148,81da5d14-3099-4d73-849e-c22737b6db4c
Mtro. Sergio Bañuelos,mtro.sergiobañuelos,mtro.sergiobañuelos@gmail.com,03351993716,1935-06-25,"Andador Portugal 798 160, San Eugenia los bajos, DGO 44521-8955",(246)754-9585x764,2c:c3:e6:5c:0e:0b,96.232.216.236,GB98INVK8306682141940,2025-07-07 05:26:32,12812,600,478,1074716,e720d947-5777-45b4-aca3-6da7f483f8a0
Óscar Alejandra Arroyo,óscaralejandraarroyo,óscaralejandraarroyo@hotmail.com,25644742006,1926-08-05,"Eje vial Tabasco 176 237, San José Carlos de la Montaña, CAMP 84093-3034",017.394.2761,58:54:65:fd:e4:e1,164.81.190.108,GB57YFBF6787536995546,2025-07-07 05:26:32,1331,825,454,471376,96a87f7a-14d6-41ed-9327-3d018dba92be
Violeta Octavio Reyna Paredes,violetaoctavioreynaparedes,violetaoctavioreynaparedes@yahoo.com,72027299907,2016-09-16,"Prolongación Nueva Zelandia 682 203, Vieja República Checa, TAMPS 29824",012-107-4544,be:d7:a5:4c:76:ee,53.158.81.96,GB36AQAC2723256496399,2025-07-07 05:26:32,8725,6,770,342944,a9bad0a9-4920-4d86-8670-fd2a317fd017
Humberto Beatriz Apodaca,humbertobeatrizapodaca,humbertobeatrizapodaca@hotmail.com,37600593174,1944-06-18,"Pasaje Apodaca 128 Interior 200, San Victoria de la Montaña, Q. ROO 99580",859.496.3428x2980,52:d4:26:94:b4:43,186.215.196.180,GB25JPMZ7605741552709,2025-07-07 05:26:32,2225,393,329,311077,953887f6-fa4d-4191-916c-a0e9e1cde896
Miguel Ángel Merino,miguelángelmerino,miguelángelmerino@yahoo.com,61309588285,1961-03-15,"Ampliación Abrego 581 Edif. 402 , Depto. 358, San César los bajos, NAY 48131-2076",1-729-540-9462x99146,d3:7a:b0:d9:5d:83,178.27.47.178,GB79HQFF3411719084050,2025-07-07 05:26:32,13941,631,314,1580876,c61082dc-363d-4f6d-9ec4-23bac63068f7
Amanda Trejo,amandatrejo,amandatrejo@yahoo.com,12631970907,1930-12-01,"Avenida Montero 135 282, Vieja Comoras, BC 20104",1-495-769-8371,52:5b:1a:46:6e:f5,14.133.199.43,GB33QEAB9357448016622,2025-07-07 05:26:32,6579,114,672,1053548,66755b7a-fd79-4056-8a2d-2079987c2e53
Nicolás Judith Valencia,nicolásjudithvalencia,nicolásjudithvalencia@yahoo.com,80215153141,1944-09-27,"Circunvalación Tayikistán 252 478, San Jacobo los altos, CAMP 20810",785-241-8311,00:d3:1f:ac:24:50,191.16.188.180,GB55NJRJ2997068352379,2025-07-07 05:26:32,10442,46,252,235362,8f1e04cd-4291-4ba4-8ef0-77b9ae537637
Renato Araceli Alvarez,renatoaracelialvarez,renatoaracelialvarez@yahoo.com,06769257293,1999-12-03,"Cerrada Kenya 139 Interior 889, San Rodolfo los bajos, COL 08582-8117",(762)229-6708x5392,ae:dc:28:e2:99:ff,170.245.177.62,GB80KDKD1973683794520,2025-07-07 05:26:32,13531,590,425,812653,24594a99-7d84-4645-b51c-041d28b45d03
Dulce Teresa Chacón,dulceteresachacón,dulceteresachacón@yahoo.com,20366966081,2007-08-12,"Peatonal Guanajuato 933 Interior 799, Vieja República Centroafricana, GTO 06221",(588)743-6109x12908,d4:d4:1c:16:15:87,173.145.233.110,GB35OWSK1730488384779,2025-07-07 05:26:32,30322,251,127,1916089,cba0a9b6-4ea5-4ee2-bb89-d2b46b7e0918
Lic. Mayte Gaona,lic.maytegaona,lic.maytegaona@hotmail.com,69856021691,1939-09-24,"Eje vial Parra 928 Edif. 298 , Depto. 090, Nueva Reino Unido de Gran Bretaña e Irlanda del Norte, COAH 85161",083.244.6103,d3:ff:32:99:59:b4,82.155.2.209,GB47JKIZ1681940862992,2025-07-07 05:26:32,33834,978,124,1911311,592f8532-c75b-422b-b6c3-45c4f661da49
Mtro. Emilia Cazares,mtro.emiliacazares,mtro.emiliacazares@yahoo.com,30922726366,1943-04-24,"Andador Haití 037 Edif. 625 , Depto. 039, San Rocío de la Montaña, HGO 82511-9995",1-531-094-9024x7019,96:87:4e:b9:95:2a,132.14.181.122,GB69ZQYO5412596600124,2025-07-07 05:26:32,2845,493,302,1967414,b7b06b9e-bfb6-4ab9-bef7-913879b200df
Eric Camarillo Pizarro,ericcamarillopizarro,ericcamarillopizarro@gmail.com,58142887643,1912-11-14,"Eje vial Ruiz 771 993, San Cristobal de la Montaña, NL 31887",923.229.8856x4426,f5:77:cd:b2:52:b0,134.131.182.201,GB52CRYC6686388448318,2025-07-07 05:26:32,24360,78,94,163748,d8a10b4d-461a-4272-a0be-99daffee8d5a
Omar Perea Lara,omarperealara,omarperealara@yahoo.com,49277894371,1993-04-29,"Eje vial Chihuahua 738 Edif. 200 , Depto. 336, San Lourdes los altos, MOR 05158-3608",+24(9)7019523033,ac:51:1d:8c:8a:10,78.186.67.189,GB96WSNJ1223762383107,2025-07-07 05:26:32,4375,846,137,1558186,8e78dac6-6582-4db1-b1e2-ef29f0ee6ca8
Víctor Granado Benítez,víctorgranadobenítez,víctorgranadobenítez@yahoo.com,27587994834,1948-01-31,"Calle Contreras 642 Interior 628, San Hilda los bajos, COL 54900-6736",1-312-997-2762x03141,8f:50:3e:c4:f2:e9,14.190.136.103,GB51CXEH3497380374924,2025-07-07 05:26:32,14107,912,422,1494491,9442597c-b939-4a8e-9c2f-95e4a871cc32
Abigail Juan Armas Nieves,abigailjuanarmasnieves,abigailjuanarmasnieves@hotmail.com,91620443829,1980-02-05,"Ampliación Benin 853 204, Nueva República Centroafricana, ZAC 75654-6446",(100)627-0904,ab:e0:6d:bf:7c:4d,48.78.231.9,GB83XGLK8703341718343,2025-07-07 05:26:32,20829,878,7,78408,d35f1a6b-21b1-427d-9c00-a6f20b45b7d7
Karla Rosario Haro,karlarosarioharo,karlarosarioharo@yahoo.com,54445954727,1928-07-14,"Diagonal Senegal 731 315, Nueva Guinea, TLAX 18098-0720",367.293.9875,6e:3d:d0:0a:7e:5b,189.196.59.37,GB54HAZN9355911570649,2025-07-07 05:26:32,6348,677,584,1481795,e084426c-b290-4d70-8530-04b401472db2
Rebeca Barraza,rebecabarraza,rebecabarraza@hotmail.com,82054252950,1937-10-26,"Calzada Ecuador 409 527, San Diana los altos, AGS 92029",+88(0)7897068544,61:41:00:23:e0:69,220.116.199.247,GB77DOXF9620917105200,2025-07-07 05:26:32,26685,0,104,572676,9314cfde-71df-445b-af82-a11203ee16a9
Arcelia Gálvez,arceliagálvez,arceliagálvez@gmail.com,95160807178,1975-07-19,"Calzada Mauritania 185 Edif. 920 , Depto. 519, San Marisela de la Montaña, MICH 81871-5527",503.706.5116x8709,84:63:9d:49:50:af,59.0.26.23,GB23WDIQ7065121490231,2025-07-07 05:26:32,17563,665,463,864062,0400cca9-3412-42da-8a10-aa3aa9ff3510
Sonia María Luisa Leiva Gaytán,soniamaríaluisaleivagaytán,soniamaríaluisaleivagaytán@hotmail.com,65416487778,2021-09-12,"Avenida Sarabia 374 Edif. 805 , Depto. 363, Vieja Gabón, TAMPS 57344",1-975-732-9558,24:83:06:d8:02:9e,106.185.100.99,GB88XAXR3998511430799,2025-07-07 05:26:32,3706,515,124,185247,d06f77d1-8f27-4fdf-9051-c626215212ef
Mercedes Galarza Quiroz,mercedesgalarzaquiroz,mercedesgalarzaquiroz@hotmail.com,96859691899,1965-07-13,"Diagonal Orosco 460 Edif. 076 , Depto. 356, Vieja Nigeria, BCS 56642-0958",825-213-3269x55635,0f:b8:38:99:11:d1,143.12.147.228,GB67TVPN0144883516454,2025-07-07 05:26:32,916,983,31,1578974,ccd9e157-a5c4-4147-8eb1-ebfbe676da54
Elsa Óscar Llamas,elsaóscarllamas,elsaóscarllamas@yahoo.com,26451763770,1994-02-17,"Prolongación Montenegro 459 Interior 662, San Adriana los bajos, COL 14612",703.807.5158x188,e8:16:eb:ac:a3:d4,191.116.235.188,GB44AAKB4101043106030,2025-07-07 05:26:32,13601,570,94,511180,c37b9c8b-7384-4f9a-b269-1a13f764b63c
Lic. Fidel Piña,lic.fidelpiña,lic.fidelpiña@hotmail.com,07835362133,1916-03-03,"Viaducto Malasia 143 Edif. 589 , Depto. 292, Vieja Mauritania, SON 22845-5085",(864)778-6779,dd:75:44:ca:d7:bb,220.229.77.191,GB28NPNU8788165089216,2025-07-07 05:26:32,34122,272,774,1225391,ce262906-881f-4175-86cf-93f73a0fe116
Julio César Marcela Alcaraz Rivas,juliocésarmarcelaalcarazrivas,juliocésarmarcelaalcarazrivas@hotmail.com,50201326613,1911-12-05,"Viaducto Senegal 521 102, San Esparta los altos, TAB 12120-0649",206.513.3354x35711,6c:51:10:26:eb:79,34.245.208.105,GB89CSZJ9051039905515,2025-07-07 05:26:32,17005,539,43,1652832,4143f95a-26c0-4da8-b775-6642f0ba714d
Eloisa Abel Treviño Burgos,eloisaabeltreviñoburgos,eloisaabeltreviñoburgos@gmail.com,53065855404,2002-04-08,"Calzada Islandia 423 958, Vieja Gambia, NAY 91324-7403",671-008-9734,80:c6:88:f3:6b:94,80.239.115.84,GB82ZCRL9509459397574,2025-07-07 05:26:32,35245,550,383,1244756,bdbcd4d5-9354-4730-9b18-2b8763ecc219
Santiago Camarillo,santiagocamarillo,santiagocamarillo@yahoo.com,31917334760,1963-02-18,"Boulevard Ghana 487 Edif. 004 , Depto. 693, San Sandra de la Montaña, OAX 81404-0265",+40(1)1443928028,4e:0b:58:96:b0:8d,157.23.40.67,GB45YCCT2435902823889,2025-07-07 05:26:32,1347,334,118,1890722,a3f9a14b-dec2-45ae-a461-64700346ea9b
Adela Karla Gaytán Oquendo,adelakarlagaytánoquendo,adelakarlagaytánoquendo@hotmail.com,96494153677,1926-07-09,"Cerrada Vanegas 214 502, Vieja Estados Unidos de América, DF 81089-4341",089-110-8100x91965,9a:9f:c1:b5:4c:d9,120.87.121.12,GB56FYKN1446857298932,2025-07-07 05:26:32,616,887,632,378835,b8d682d9-01a2-4ff9-912a-a26c61c94261
Leticia Blanco Ureña,leticiablancoureña,leticiablancoureña@hotmail.com,15908465170,1948-09-01,"Boulevard Norte Escobar 495 058, San Marco Antonio los bajos, MEX 28640",435.410.2721x374,34:fb:14:2b:ad:19,41.129.162.79,GB49WSLV7909342338211,2025-07-07 05:26:32,14370,276,779,1143630,232056e4-a517-414f-afcf-7e240374e443
Dr. Elvia Espino,dr.elviaespino,dr.elviaespino@hotmail.com,39395837642,2015-11-27,"Circunvalación Aguascalientes 321 Interior 168, San Itzel los altos, VER 98201",1-807-070-2946,1b:b5:5a:0f:e9:f2,24.47.165.100,GB43ONUJ8849462410890,2025-07-07 05:26:32,1299,654,190,1404133,6870640b-2e30-40c9-bdf1-8706c8854242
Bernardo Araceli Naranjo,bernardoaracelinaranjo,bernardoaracelinaranjo@hotmail.com,54583810863,1955-02-04,"Eje vial Guerrero 214 Edif. 111 , Depto. 988, San Abigail de la Montaña, COAH 81855",503.706.4924x9311,c2:5b:81:a4:5d:3e,116.114.17.40,GB73ALST7977376710876,2025-07-07 05:26:32,2840,27,290,1791051,5ffc2591-f696-47ab-a6f8-a678c7c6e2c1
Laura Bustamante,laurabustamante,laurabustamante@gmail.com,25888631592,2021-10-31,"Calzada Perea 822 Interior 330, San Judith de la Montaña, TAMPS 11805-7456",(672)545-7434,60:46:cd:c2:38:8f,108.38.161.194,GB43IHUC1767213116509,2025-07-07 05:26:32,20013,336,90,586312,46a99246-9c75-4475-92b8-4656068e97c3
Amanda Pamela Arguello,amandapamelaarguello,amandapamelaarguello@gmail.com,90322906562,1932-06-20,"Prolongación Norte Monroy 827 Interior 757, Nueva Zimbabwe, HGO 76923-4489",1-195-949-3742,65:69:ac:5f:f8:68,101.177.72.232,GB33GHSK6731716875139,2025-07-07 05:26:32,2871,427,773,433671,35089c40-51b6-47eb-bfcd-4f006305a463
Cristian Montez Corona,cristianmontezcorona,cristianmontezcorona@yahoo.com,07985853527,1940-02-13,"Pasaje Sur Lemus 887 Interior 534, Nueva Brunei Darussalam, PUE 84379",935.068.7047,0b:2a:56:8c:db:53,148.84.83.183,GB85EQGO1983738711330,2025-07-07 05:26:32,9824,754,484,413766,5a0116e2-41f0-44a5-a199-aada144d9221
Eloisa Eduardo Lira Huerta,eloisaeduardolirahuerta,eloisaeduardolirahuerta@hotmail.com,41668111911,2019-07-16,"Periférico Norte Carreón 486 Interior 658, Vieja Uzbekistán, GTO 76689",+17(3)2310112892,59:84:fd:11:c1:ad,175.151.148.46,GB36PKZJ2366383154942,2025-07-07 05:26:32,33542,614,21,387836,313a8691-974d-43c3-99a0-6098023bdd2a
Héctor Robles,héctorrobles,héctorrobles@yahoo.com,42940560982,1999-05-31,"Ampliación Sur Marrero 073 662, San Beatriz los bajos, MICH 20469",+44(5)3404915051,63:9a:dd:56:be:a3,111.134.247.72,GB13VYJM6466658786706,2025-07-07 05:26:32,23300,316,322,884174,f87b60ac-5b09-407f-acbd-4de54517260b
Guillermo Armas Lucero,guillermoarmaslucero,guillermoarmaslucero@hotmail.com,70304056347,1946-09-06,"Avenida Baeza 657 Edif. 900 , Depto. 055, Vieja Angola, GTO 29221",841-743-2846x77629,8e:a2:23:63:c8:3a,46.65.103.133,GB78ILZE7420420816192,2025-07-07 05:26:32,723,535,187,88287,c6d4b026-5854-4879-a369-ad74caa991e9
Sr(a). Cynthia del Río,sr(a).cynthiadelrío,sr(a).cynthiadelrío@hotmail.com,44815369135,2025-03-17,"Circunvalación Ghana 274 457, San Patricio los bajos, GTO 08075",(796)506-8873x63640,9a:2b:74:79:3d:30,8.1.122.242,GB96QUVH8867305789511,2025-07-07 05:26:32,16369,134,262,855035,8a32f219-a630-45ad-813c-8b5c846bb571
Sr(a). Alta  Gracia Ruiz,sr(a).altagraciaruiz,sr(a).altagraciaruiz@yahoo.com,71337930680,2006-10-03,"Calzada Arce 079 Interior 752, San Ramiro los altos, BC 36093-4412",193.722.9246x4851,56:fe:b0:73:01:70,3.109.166.239,GB68HTSZ2244314539419,2025-07-07 05:26:32,21820,961,16,387288,da2b5f53-9533-411c-b39c-1aeec3b69d3b
Aida Padilla,aidapadilla,aidapadilla@yahoo.com,51196400249,1935-07-31,"Viaducto Norte Quintero 319 537, Vieja Iraq, COL 59137",111.567.8303x82110,50:49:96:ad:f0:49,1.251.111.52,GB93MUWU3596420733963,2025-07-07 05:26:32,3135,105,264,1850527,adf10da7-f8a8-4bc0-ab33-4ffb0690235c
Ing. Cristian Alejandro,ing.cristianalejandro,ing.cristianalejandro@gmail.com,86277585344,1966-01-08,"Callejón Vietman 653 886, San Carlota los bajos, GTO 83430",(461)129-5951x1782,38:a6:4d:0f:02:a0,35.168.85.32,GB65CWKS7940334594510,2025-07-07 05:26:32,18850,353,244,227768,64021752-bca5-443a-acc2-5ca70163b9f9
Ing. Elisa Guardado,ing.elisaguardado,ing.elisaguardado@yahoo.com,08484643781,1949-01-02,"Pasaje Sur Collazo 182 479, Nueva Belarús, OAX 34869-7590",1-638-375-0763x169,aa:55:84:88:d7:98,220.151.143.44,GB66FCNP0520783402551,2025-07-07 05:26:32,23845,959,384,449993,49e1e102-802a-4e94-b71c-9fbdaf8070a5
Esparta Cristal Chávez,espartacristalchávez,espartacristalchávez@gmail.com,93998449958,1929-08-17,"Calle Valverde 574 Interior 246, Nueva República Unida de Tanzanía, OAX 30600-1141",909-903-2309x09670,58:c7:82:33:49:7e,194.60.212.68,GB54JMDJ1670412405495,2025-07-07 05:26:32,26774,829,5,1561152,c4ada30d-03be-4424-9a82-e0e176c33805
Yuridia Daniel Alvarez Tello,yuridiadanielalvareztello,yuridiadanielalvareztello@hotmail.com,01533009385,1957-02-11,"Periférico Prado 876 Edif. 676 , Depto. 347, Vieja Argentina, CAMP 16714",288.806.8242x2831,84:42:74:58:39:0c,218.78.86.234,GB45UAWS2724483171049,2025-07-07 05:26:32,22456,239,115,478210,06a34ec6-7dfb-41e4-b0b1-d0024d2670bd
Ángel Torres Matías,ángeltorresmatías,ángeltorresmatías@yahoo.com,31813356933,1995-05-29,"Pasaje de León 920 Edif. 359 , Depto. 946, San Caridad los altos, CAMP 31470",296-308-0923x550,dd:ed:aa:84:e7:50,77.82.86.23,GB45TYHV8971276831155,2025-07-07 05:26:32,27344,66,473,145786,16d8b35c-92e3-4319-8386-2cb57b335ec1
Jorge Luis Becerra,jorgeluisbecerra,jorgeluisbecerra@hotmail.com,82837177334,1954-03-23,"Prolongación Polanco 594 Interior 414, Nueva Arabia Saudita, TAB 82613",(080)481-3953x51959,98:f3:5b:03:78:ec,37.174.243.97,GB71MITF5188510804038,2025-07-07 05:26:32,8000,939,500,1906208,d90da6f5-cbbc-4899-8f55-8c06fb0774ce
Estela Ibarra Quintero,estelaibarraquintero,estelaibarraquintero@yahoo.com,08896835777,2012-11-04,"Calzada Bangladesh 806 192, San Héctor los altos, HGO 40853",301-314-6720,56:60:9b:58:84:8c,1.16.139.64,GB15GQVE7982163426978,2025-07-07 05:26:32,26778,697,140,1809803,fe2d1851-59ab-448d-9eca-180ac2c64296
